STATION_ID,STATION_NAME,STATION_SHORTNAME,TOOLTIP,LATITUDE,LONGITUDE,ALTITUDE,TYPE,COUNTRY,ORGANIZATION,SUBBASIN
2,Rosario del Tala,TALA,station 2: Rosario del Tala,-32.3085,-59.0768055555556,,,Argentina,INA,Rio Parana
8,Andresito,ANDRE,station 8: Andresito - property of PNA,-25.5833333333333,-53.9833333333333,,,Argentina,INA,Rio Parana
9,Puerto Iguazú,PuertoIguazú,station 9: Puerto Iguazú - property of PNA,-25.5833333333333,-54.5666666666667,,,Argentina,INA,Rio Parana
10,Libertad,Libertad,station 10: Libertad - property of PNA,-25.916679,-54.621134,,,Argentina,INA,Rio Parana
11,El Dorado,ElDorado,station 11: El Dorado - property of PNA,-26.3833333333333,-54.7,,,Argentina,INA,Rio Parana
12,Libertador,Libertador,station 12: Libertador - property of PNA,-26.8,-55.0333333333333,,,Argentina,INA,Rio Parana
13,Santa Ana,SantaAna,station 13: Santa Ana - property of PNA,-27.33509,-55.588412,,,Argentina,INA,Rio Parana
14,Posadas,Posadas,station 14: Posadas - property of PNA,-27.3666666666667,-55.8833333333333,,,Argentina,INA,Rio Parana
15,Ituzaingó,ITUZA,station 15: Ituzaingó - property of PNA,-27.5833333333333,-56.7,,,Argentina,INA,Rio Parana
16,Itá Ibaté,ITAIBATE,station 16: Itá Ibaté - property of PNA,-27.42336098,-57.33326783,,,Argentina,INA,Rio Parana
17,Itatí,ITATI,station 17: Itatí - property of PNA,-27.26677773,-58.24407387,,,Argentina,INA,Rio Parana
18,Paso de la Patria,PasodelaPatr,station 18: Paso de la Patria - property of PNA,-27.3333333333333,-58.5833333333333,,,Argentina,INA,Rio Parana
19,Corrientes,CORR,station 19: Corrientes - property of PNA,-27.46364349,-58.8388696,,,Argentina,INA,Rio Parana
20,Barranqueras,BARRANC,station 20: Barranqueras - property of PNA,-27.4833333333333,-58.9333333333333,,,Argentina,INA,Rio Parana
21,Empedrado,EMPE,station 21: Empedrado - property of PNA,-27.95412346,-58.81852419,,,Argentina,INA,Rio Parana
22,Bella Vista,BVIS,station 22: Bella Vista - property of PNA,-28.51840072,-59.05931723,,,Argentina,INA,Rio Parana
23,Goya,GOYA,station 23: Goya - property of PNA,-29.14376844,-59.27303952,,,Argentina,INA,Rio Parana
24,Reconquista,RECO,station 24: Reconquista - property of PNA,-29.23756092,-59.58115833,,,Argentina,INA,Rio Parana
25,Esquina,ESQU,station 25: Esquina - property of PNA,-30.01924089,-59.53663483,,,Argentina,INA,Rio Parana
26,La Paz,LAPA,station 26: La Paz - property of PNA,-30.73419972,-59.6381167,,,Argentina,INA,Rio Parana
27,Santa Elena,SantaElena,station 27: Santa Elena - property of PNA,-30.95,-59.7833333333333,,,Argentina,INA,Rio Parana
28,Hernandarias,HERNANDA,station 28: Hernandarias - property of PNA,-31.22650904,-59.99193936,,,Argentina,INA,Rio Parana
29,Paraná,PARAN,station 29: Paraná - property of PNA,-31.7182378629681,-60.5225697750899,,,Argentina,INA,Rio Parana
30,Santa Fe,SAFE,station 30: Santa Fe - property of PNA,-31.6514772196376,-60.7002319185745,,,Argentina,INA,Rio Parana
31,Diamante,DIAM,station 31: Diamante - property of PNA,-32.0715615377843,-60.6432219715378,,,Argentina,INA,Rio Parana
32,Victoria,Victoria,station 32: Victoria - property of PNA,-32.6558456373673,-60.2195849446607,,,Argentina,INA,Rio Parana
33,San Lorenzo (San Martín),SANLOR,station 33: San Lorenzo (San Martín) - property of PNA,-32.7336256031375,-60.7256705696322,,,Argentina,INA,Rio Parana
34,Rosario,ROSA,station 34: Rosario - property of PNA,-32.9432699442268,-60.6308206029857,,,Argentina,INA,Rio Parana
35,Villa Constitución,VCON,station 35: Villa Constitución - property of PNA,-33.2354221667103,-60.3091044341421,,,Argentina,INA,Rio Parana
36,San Nicolás,SNICO,station 36: San Nicolás - property of PNA,-33.3420008188866,-60.1895279977149,,,Argentina,INA,Rio Parana
37,Ramallo,Ramallo,station 37: Ramallo - property of PNA,-33.4780656197056,-59.9957013181522,,,Argentina,INA,Rio Parana
38,San Pedro,SPEDRO,station 38: San Pedro - property of PNA,-33.6745267329027,-59.6497183332918,,,Argentina,INA,Rio Parana
39,Baradero,Baradero,station 39: Baradero - property of PNA,-33.8006916108445,-59.4955962110789,,,Argentina,INA,Rio Parana
40,Zárate,Zárate,station 40: Zárate - property of PNA,-34.0987818311696,-59.0108657589595,,,Argentina,INA,Rio Parana
41,Campana,Campana,station 41: Campana - property of PNA,-34.1555854281116,-58.9581750062675,,,Argentina,INA,Rio Parana
42,Escobar,Escobar,station 42: Escobar - property of PNA,-34.3,-58.7333333333,,,Argentina,INA,Rio Parana
43,Villa Paranacito,VillaParanac,station 43: Villa Paranacito - property of PNA,-33.7,-58.65,,,Argentina,INA,Rio Parana
44,Canal Nuevo,CanalNuevo,station 44: Canal Nuevo - property of PNA,-33.8627031166646,-58.6604197120006,,,Argentina,INA,Rio Parana
45,Ibicuy,IBIC,station 45: Ibicuy - property of PNA,-33.7619777376355,-59.1800594404244,,,Argentina,INA,Rio Parana
46,Puerto Ruiz,RUIZ,station 46: Puerto Ruiz - property of PNA,-33.2166666667,-59.3666666667,,,Argentina,INA,Rio Parana
47,Martín García,MART,station 47: Martín García - property of PNA,-34.1902896924007,-58.2530455191105,,,Argentina,INA,Rio de la Plata
48,Guazucito,Guazucito,station 48: Guazucito - property of PNA,-34.0166666667,-58.4,,,Argentina,INA,Rio Parana
49,Tigre,Tigre,station 49: Tigre - property of PNA,-34.4159316389634,-58.5779747237367,,,Argentina,INA,Rio Parana
50,Dique Luján,DiqueLuján,station 50: Dique Luján - property of PNA,-34.351576,-58.686115,,,Argentina,INA,Rio Parana
51,Chaná Miní,ChanáMiní,station 51: Chaná Miní - property of PNA,-34.2,-58.4833333333,,,Argentina,INA,Rio Parana
52,San Fernando,SanFernando,station 52: San Fernando - property of PNA,-34.4333333333,-58.55,,,Argentina,INA,Rio Parana
53,San Isidro,SanIsidro,station 53: San Isidro - property of PNA,-34.457166,-58.507163,,,Argentina,INA,Rio Parana
54,Olivos,Olivos,station 54: Olivos - property of PNA,-34.506666,-58.475863,,,Argentina,INA,Rio Parana
55,Puerto Pilcomayo,PILC,station 55: Puerto Pilcomayo - property of PNA,-25.3666666666667,-57.65,,,Argentina,INA,Rio Paraguay
56,Bouvier,Bouvier,station 56: Bouvier - property of PNA,-25.451947,-57.568182,,,Argentina,INA,Rio Paraguay
57,Puerto Formosa,FORMOSA,station 57: Puerto Formosa - property of PNA,-26.1833333333333,-58.1833333333333,,,Argentina,INA,Rio Paraguay
58,Bermejo,BERMEJO,station 58: Bermejo,-26.92629,-58.506205,,,Argentina,INA,Rio Paraguay
59,Isla del Cerrito,IsladelCerri,station 59: Isla del Cerrito,-27.3166666666667,-58.6166666666667,,,Argentina,INA,Rio Parana
60,Pepirí Miní,PepiríMiní,station 60: Pepirí Miní,-27.153744,-53.933149,,,Argentina,INA,Rio Uruguay
61,El Soberbio,SOBER,station 61: El Soberbio,-27.3,-54.2,,,Argentina,INA,Rio Uruguay
62,Alicia,Alicia,station 62: Alicia,-27.4375,-54.3553,,,Argentina,INA,Rio Uruguay
63,Alba Posse,AlbaPosse,station 63: Alba Posse,-27.572,-54.678494,,,Argentina,INA,Rio Uruguay
64,Panambí,Panambí,station 64: Panambí,-27.730627,-54.91305,,,Argentina,INA,Rio Uruguay
65,San Javier,SJAVI,station 65: San Javier - property of PNA,-27.8833333333333,-55.1333333333333,,,Argentina,INA,Rio Uruguay
66,Puerto Concepción,PuertoConcep,station 66: Puerto Concepción - property of PNA,-28.119193,-55.581369,,,Argentina,INA,Rio Uruguay
67,Garruchos,Garruchos,station 67: Garruchos - property of PNA,-28.1833333333333,-55.65,,,Argentina,INA,Rio Uruguay
68,Santo Tomé,TOME,station 68: Santo Tomé - property of PNA,-28.55,-56.0333333333333,,,Argentina,INA,Rio Uruguay
69,Alvear,Alvear,station 69: Alvear - property of PNA,-29.1,-56.55,,,Argentina,INA,Rio Uruguay
70,La Cruz,LaCruz,station 70: La Cruz - property of PNA,-29.18062,-56.633977,,,Argentina,INA,Rio Uruguay
71,Yapeyú,Yapeyú,station 71: Yapeyú - property of PNA,-29.470031,-56.810674,,,Argentina,INA,Rio Uruguay
72,Paso de los Libres,PasodelosLib,station 72: Paso de los Libres - property of PNA,-29.7166666666667,-57.0833333333333,,,Argentina,INA,Rio Uruguay
73,Bompland,Bompland,station 73: Bompland - property of PNA,-29.872652,-57.332887,,,Argentina,INA,Rio Uruguay
74,Monte Caseros,MonteCaseros,station 74: Monte Caseros - property of PNA,-30.25,-57.6333333333333,,,Argentina,INA,Rio Uruguay
75,Mocoretá,Mocoretá,station 75: Mocoretá - property of PNA,-30.715682,-57.81776,,,Argentina,INA,Rio Uruguay
76,Federación,Federación,station 76: Federación - property of PNA,-30.993221,-57.914682,,,Argentina,INA,Rio Uruguay
77,Salto Grande Arriba,SGRANDE,station 77: Salto Grande Arriba - property of PNA,-31.27547,-57.936945,,,Argentina,INA,Rio Uruguay
78,Salto Grande Abajo,SGRANDE,station 78: Salto Grande Abajo - property of PNA,-31.27547,-57.936945,,,Argentina,INA,Rio Uruguay
79,Concordia,null,station 79: Concordia - property of PNA,-31.4,-58.0166666666667,,,Argentina,INA,Rio Uruguay
80,Colón,Colón,station 80: Colón - property of PNA,-32.2333333333333,-58.1166666666667,,,Argentina,INA,Rio Uruguay
81,Concepción del Uruguay,Concepciónde,station 81: Concepción del Uruguay - property of PNA,-32.4833333333333,-58.2333333333333,,,Argentina,INA,Rio Uruguay
82,Campichuelo,Campichuelo,station 82: Campichuelo - property of PNA,-32.70101,-58.1834,,,Argentina,INA,Rio Uruguay
83,Puerto Gualeguaychú,PuertoGualeg,station 83: Puerto Gualeguaychú,-33.0166666666667,-58.5,,,Argentina,INA,Rio Uruguay
84,Boca Gualeguaychú,BocaGualegua,station 84: Boca Gualeguaychú - property of PNA,-33.0666666666667,-58.4166666666667,,,Argentina,INA,Rio Uruguay
85,Buenos Aires,BuenosAires,station 85: Buenos Aires - property of PNA,-34.56108,-58.399288,,,Argentina,INA,Rio de la Plata
86,La Plata,LaPlata,station 86: La Plata - property of PNA,-34.824196,-57.873546,,,Argentina,INA,Rio de la Plata
87,Yacyretá afluente,YACY,station 87: Yacyretá afluente,-27.482557,-56.727244,,,Argentina,INA,Rio Parana
88,Yacyretá efluente,Yacyretáeflu,station 88: Yacyretá efluente,-27.482557,-56.727244,,,Argentina,INA,Rio Parana
92,Represa Itaipú,Parana regulada,station 92: Represa Itaipú - property of Itaipu,-25.4,-54.583,,,Argentina,INA,Rio Parana
93,Confluencia,CONFLU,station 93: Confluencia - property of Itaipu,-25.592701,-54.593363,,,Argentina,INA,Rio Parana
99,Gualeguaychú,Gualeguaychú,station 99: Gualeguaychú - property of PNA,-33.0144444444444,-58.5041666666667,,,Argentina,INA,Rio Uruguay
103,Recreo - Ruta Provincial nº 70,SALADO,station 103: Recreo - Ruta Provincial nº 70 - property of RHN-SSRH,-31.4912222222222,-60.7805555555556,,,Argentina,INA,Rio Parana
105,Tostado,TOSTADO,station 105: Tostado - property of RHN-SSRH,-29.2751666666667,-61.7439444444444,,,Argentina,INA,Rio Parana
131,Puerto Maní,PuertoManí,station 131: Puerto Maní - property of PNA,-27.1063611111111,-55.5221666666667,,,Argentina,INA,Rio Parana
149,Canal Seoane,seoane,station 149: Canal Seoane - property of INA,-34.166861111,-58.638166667,,,Argentina,INA,Rio Parana
175,Emilia - Ruta Provincial nº 62,Emilia-RutaP,station 175: Emilia - Ruta Provincial nº 62 - property of FICH,-31.042868,-60.841003,,,Argentina,INA,Rio Parana
773,Anguil -EEA Anguil - EEA INTA Anguil - Guillermo Covas,ANGUILEEA,station 773: Anguil -EEA Anguil - EEA INTA Anguil - Guillermo Covas - property of INTA,-36.5419998168945,-63.9910011291504,,,Argentina,INA,
775,Arrecifes - EEA Pergamino - Escuela Agropecuaria N 1 de Arrecifes,ARRECIFES,station 775: Arrecifes - EEA Pergamino - Escuela Agropecuaria N 1 de Arrecifes - property of INTA,-34.0499992370605,-60.1360015869141,,,Argentina,INA,Rio Parana
777,Bandera - Predio AER INTA Bandera,BANDERAPR,station 777: Bandera - Predio AER INTA Bandera - property of INTA,-28.8929996490479,-62.2750015258789,,,Argentina,INA,Rio Parana
778,Basail - INTA - Basail,BASAILINT,station 778: Basail - INTA - Basail - property of INTA,-27.8969993591309,-59.2949981689453,,,Argentina,INA,Rio Parana
782,Castelar (Observatorio) - Obs. Principal-Predio INTA Castelar,CASTELAR(,station 782: Castelar (Observatorio) - Obs. Principal-Predio INTA Castelar - property of INTA,-34.6049995422363,-58.6699981689453,,,Argentina,INA,Rio Parana
784,Concepcion del Uruguay - Predio observatorio agrometeorologico,CONCEPCIO,station 784: Concepcion del Uruguay - Predio observatorio agrometeorologico - property of INTA,-32.4879989624023,-58.3479995727539,,,Argentina,INA,Rio Uruguay
785,Coronel Suarez - EEA Bordenave - Municipalidad de Coronel Suarez,CORONELSU,station 785: Coronel Suarez - EEA Bordenave - Municipalidad de Coronel Suarez - property of INTA,-37.4440002441406,-61.9249992370605,,,Argentina,INA,
787,EFA Bernardo de Irigoyen - Predio del Servicio Meteorologico Nacional,EFABERNAR,station 787: EFA Bernardo de Irigoyen - Predio del Servicio Meteorologico Nacional - property of INTA,-26.4360008239746,-53.673999786377,,,Argentina,INA,Rio Uruguay
790,El Portezuelo - EEA La Rioja - AER El Portezuelo,ELPORTEZU,station 790: El Portezuelo - EEA La Rioja - AER El Portezuelo - property of INTA,-30.8360004425049,-66.6969985961914,,,Argentina,INA,
792,Esquina - Predio del Aero Club Esquina,ESQUINAPR,station 792: Esquina - Predio del Aero Club Esquina - property of INTA,-30.0389995574951,-59.5330009460449,,,Argentina,INA,Rio Parana
793,Federal - Parcela frutal de experimental Va. Federal,FEDERALPA,station 793: Federal - Parcela frutal de experimental Va. Federal - property of INTA,-30.9290008544922,-58.7729988098145,,,Argentina,INA,Rio Parana
794,Ferre - EEA Pergamino - Escuela Agrotecnica Salesiana de Ferre,FERREEEAP,station 794: Ferre - EEA Pergamino - Escuela Agrotecnica Salesiana de Ferre - property of INTA,-34.0999984741211,-61.1399993896484,,,Argentina,INA,Rio Parana
797,Hermoso Campo - INTA - Hermoso Campo,HERMOSOCA,station 797: Hermoso Campo - INTA - Hermoso Campo - property of INTA,-27.6019992828369,-61.3110008239746,,,Argentina,INA,Rio Parana
816,Juan Jose Castelli - Juan Jose Castelli,JUANJOSEC,station 816: Juan Jose Castelli - Juan Jose Castelli - property of INTA,-25.9400005340576,-60.6069984436035,,,Argentina,INA,Rio Parana
817,Jumial Grande - Parque agente INTA Prohuerta,JUMIALGRA,station 817: Jumial Grande - Parque agente INTA Prohuerta - property of INTA,-27.4300003051758,-63.3199996948242,,,Argentina,INA,Rio Parana
822,Las Marianas - Establecimiento Las Marianas,LASMARIAN,station 822: Las Marianas - Establecimiento Las Marianas - property of INTA,-27.2740001678467,-59.1440010070801,,,Argentina,INA,Rio Parana
825,Las Tunas - Establecimiento San Antonio,LASTUNASE,station 825: Las Tunas - Establecimiento San Antonio - property of INTA,-31.871000289917,-59.685001373291,,,Argentina,INA,Rio Parana
826,Lima - EEA San Pedro - Empresa Granel del Sur (Planta de Acopio),LIMAEEASA,station 826: Lima - EEA San Pedro - Empresa Granel del Sur (Planta de Acopio) - property of INTA,-34.0800018310547,-59.2060012817383,,,Argentina,INA,Rio Parana
829,Marcos Juarez - En predio de EEA Marcos Juarez,MARCOSJUA,station 829: Marcos Juarez - En predio de EEA Marcos Juarez - property of INTA,-32.7190017700195,-62.1059989929199,,,Argentina,INA,Rio Parana
832,Posadas - Ruta Nacional 12 km 7.5 Villa Miguel Lanus,POSADASRU,station 832: Posadas - Ruta Nacional 12 km 7.5 Villa Miguel Lanus - property of INTA,-27.4270000457764,-55.8899993896484,,,Argentina,INA,Rio Parana
837,S.J. de la Frontera - Estancia la Colorada de TILO PARANA SA,S.J.DELAF,station 837: S.J. de la Frontera - Estancia la Colorada de TILO PARANA SA - property of INTA,-30.3570003509521,-58.314998626709,,,Argentina,INA,Rio Uruguay
842,Santa Sylvina - INTA - Santa Sylvina,SANTASYLV,station 842: Santa Sylvina - INTA - Santa Sylvina - property of INTA,-27.8500003814697,-61.1319999694824,,,Argentina,INA,Rio Parana
844,Trenque Lauquen - EEA Villegas - Predio de Aeroclub T. Lauquen,TRENQUELA,station 844: Trenque Lauquen - EEA Villegas - Predio de Aeroclub T. Lauquen - property of INTA,-35.9729995727539,-62.7649993896484,,,Argentina,INA,
846,UNLZ - Fac. Cs. Agrarias - Predio Facultad de Cs. Agrarias de UNLZ,UNLZFAC.C,station 846: UNLZ - Fac. Cs. Agrarias - Predio Facultad de Cs. Agrarias de UNLZ - property of INTA,-34.7799987792969,-58.4599990844727,,,Argentina,INA,Rio de la Plata
848,Villa Cañas - EEA Oliveros - Predio Aeroclub,VILLACANA,station 848: Villa Cañas - EEA Oliveros - Predio Aeroclub - property of INTA,-33.9630012512207,-61.6319999694824,,,Argentina,INA,Rio de la Plata
849,Curuzu Cuatia - EEA Mercedes - Estancia Santa Braulia,CURUZUCUAT,station 849: Curuzu Cuatia - EEA Mercedes - Estancia Santa Braulia - property of INTA,-29.87,-58.11,,,Argentina,INA,Rio Uruguay
850,Alejandro Roca - EEA Marcos Juárez,ALEJANDRO,station 850: Alejandro Roca - EEA Marcos Juárez - property of INTA,-33.4959983825684,-63.6609992980957,,,Argentina,INA,Rio Parana
870,villa amelia,VILLAAMELI,station 870: villa amelia - property of GSF,-32.4797210693359,-61.5666656494141,,,Argentina,INA,Rio Parana
873,Morón,MORÓN,station 873: Morón - property of ACUMAR,-34.6608222222222,-58.6277055555556,,,Argentina,INA,Rio Parana
874,Merlo,MERLO,station 874: Merlo - property of ACUMAR,-34.6702861111111,-58.7250194444444,,,Argentina,INA,Rio Parana
881,San Vicente,SANVICENTE,station 881: San Vicente - property of ACUMAR,-35.0411111111111,-58.4094444444444,,,Argentina,INA,Rio de la Plata
884,Ezeiza,EZEIZA,station 884: Ezeiza - property of ACUMAR,-34.8551555555556,-58.5256805555556,,,Argentina,INA,Rio de la Plata
885,Cañuelas,CAÑUELAS,station 885: Cañuelas - property of ACUMAR,-35.1,-58.8,,,Argentina,INA,Rio de la Plata
887,Mercobras,MERCOBRAS,station 887: Mercobras - property of MERCOBRAS,-34.51,-58.5016666666667,,,Argentina,INA,Rio Parana
889,FCEN,FCEN,station 889: FCEN - property of FCEN,-34.5419444444444,-58.44,,,Argentina,INA,Rio Parana
895,Florencio Varela M,FLORENCIOV,station 895: Florencio Varela M - property of FLORENCIOV,-34.804369,-58.279983,,,Argentina,INA,Rio de la Plata
914,macia,macia,station 914: macia - property of DPHER,-32.1728527777778,-59.399925,,,Argentina,INA,Rio Parana
928,concepciondeluruguay,concepcionde,station 928: concepciondeluruguay - property of DPHER,-32.5,-58.3,,,Argentina,INA,Rio Uruguay
929,gualeguaychu,gualeguaychu,station 929: gualeguaychu - property of DPHER,-33.0144444444444,-58.5041666666667,,,Argentina,INA,Rio Uruguay
932,urdinarrain,urdinarrain,station 932: urdinarrain - property of DPHER,-32.6790694444444,-58.8918,,,Argentina,INA,Rio Parana
1015,Libertad,Libertad,station 1015: Libertad - property of Salto Grande,-30.014261,-57.85945,,,Argentina,INA,Rio Uruguay
1016,Puerto Concordia,null,station 1016: Puerto Concordia - property of Salto Grande,-31.404212,-58.002561,,,Argentina,INA,Rio Uruguay
1017,Yapeyú,Yapeyú,station 1017: Yapeyú - property of Salto Grande,-29.470444,-56.81167,,,Argentina,INA,Rio Uruguay
1019,Alvear,Alvear,station 1019: Alvear - property of Salto Grande,-29.112957,-56.555522,,,Argentina,INA,Rio Uruguay
1022,Federación,Federación,station 1022: Federación - property of Salto Grande,-30.992189,-57.913847,,,Argentina,INA,Rio Uruguay
1024,El Trompo,ElTrompo,station 1024: El Trompo - property of Salto Grande,-30.971026,-58.247317,,,Argentina,INA,Rio Parana
1035,Garruchos,Garruchos,station 1035: Garruchos - property of Salto Grande,-28.177515,-55.642269,,,Argentina,INA,Rio Uruguay
1038,El Soberbio,ElSoberbio,station 1038: El Soberbio - property of Salto Grande,-27.298582,-54.193437,,,Argentina,INA,Rio Uruguay
1039,Pepirí Miní,PepiríMiní,station 1039: Pepirí Miní - property of Salto Grande,-27.153304,-53.933283,,,Argentina,INA,Rio Uruguay
1062,Miriñay Medio,MiriñayMedio,station 1062: Miriñay Medio - property of Salto Grande,-29.357037,-57.705043,,,Argentina,INA,Rio Uruguay
1064,Solari,Solari,station 1064: Solari - property of Salto Grande,-29.377358,-58.193534,,,Argentina,INA,Rio Uruguay
1067,Cazadores Correntinos,CazadoresCor,station 1067: Cazadores Correntinos - property of Salto Grande,-29.98349,-58.295964,,,Argentina,INA,Rio Parana
1068,Los Conquistadores,LosConquista,station 1068: Los Conquistadores - property of Salto Grande,-30.590296,-58.468999,,,Argentina,INA,Rio Parana
1070,San Jaime,SanJaime,station 1070: San Jaime - property of Salto Grande,-30.337372,-58.317145,,,Argentina,INA,Rio Parana
1071,Mocoretá Medio,MocoretáMedi,station 1071: Mocoretá Medio - property of Salto Grande,-30.214445,-57.966907,,,Argentina,INA,Rio Uruguay
1074,Monte Caseros,MonteCaseros,station 1074: Monte Caseros - property of Salto Grande,-30.249296,-57.622519,,,Argentina,INA,Rio Uruguay
1075,Pujol,Pujol,station 1075: Pujol - property of Salto Grande,-30.390258,-57.880984,,,Argentina,INA,Rio Uruguay
1077,Mocoretá Río,MocoretáRío,station 1077: Mocoretá Río - property of Salto Grande,-30.626772,-57.982836,,,Argentina,INA,Rio Uruguay
1078,Bonpland,Bonpland,station 1078: Bonpland - property of Salto Grande,-29.819517,-57.429814,,,Argentina,INA,Rio Uruguay
1094,RP38,RP38,station 1094: RP38 - property of FICH,-29.867045,-60.337943,,,Argentina,INA,Rio Parana
1257,Arroyo Borches,BORCHES,station 1257: Arroyo Borches - property of INA,-34.0752137139779,-58.4426647718186,,,Argentina,INA,Rio Parana
1261,Las Rosas - EEA Oliveros,LASROSAS -,station 1261: Las Rosas - EEA Oliveros,-32.4900016784668,-61.5699996948242,,,Argentina,INA,Rio Parana
1299,Bordenave - EEA Bordenave,BORDENAVE-,station 1299: Bordenave - EEA Bordenave,-37.75,-63.0800018310547,,,Argentina,INA,
1306,Mercedes - EEA Mercedes,MERCEDES- ,station 1306: Mercedes - EEA Mercedes,-29.2000007629395,-58.0400009155273,,,Argentina,INA,Rio Parana
1311,Cerro Azul - EEA Cerro Azul,CERROAZUL ,station 1311: Cerro Azul - EEA Cerro Azul,-27.6599998474121,-55.439998626709,,,Argentina,INA,Rio Parana
1354,Bella Vista - EEA Bella Vista,BELLAVISTA,station 1354: Bella Vista - EEA Bella Vista,-28.4500007629395,-58.9900016784668,,,Argentina,INA,Rio Parana
1369,Cañada Ombu - EEA Reconquista,CAÑADAOMBU,station 1369: Cañada Ombu - EEA Reconquista,-28.3600006103516,-60.1500015258789,,,Argentina,INA,Rio Parana
1370,Cañada Seca - EEA Villegas,CAÑADASECA,station 1370: Cañada Seca - EEA Villegas,-34.5499992370605,-62.9000015258789,,,Argentina,INA,Rio de la Plata
1374,Ceres - EEA Rafaela,CERES- EEA,station 1374: Ceres - EEA Rafaela,-29.8700008392334,-61.9599990844727,,,Argentina,INA,Rio Parana
1378,Chascomus - EEA Cuenca Salado,CHASCOMUS-,station 1378: Chascomus - EEA Cuenca Salado,-35.7400016784668,-58.0499992370605,,,Argentina,INA,Rio de la Plata
1396,Dean Funes - EEA Manfredi,DEANFUNES ,station 1396: Dean Funes - EEA Manfredi,-30.3400001525879,-64.3199996948242,,,Argentina,INA,
1400,Du Graty - EEA Sáenz Peña,DUGRATY - ,station 1400: Du Graty - EEA Sáenz Peña,-27.7000007629395,-60.9099998474121,,,Argentina,INA,Rio Parana
1420,Goya - EEA Bella Vista,GOYA- EEA ,station 1420: Goya - EEA Bella Vista,-29.1800003051758,-59.0900001525879,,,Argentina,INA,Rio Parana
1431,Hornillos - IPAF NOA,HORNILLOS-,station 1431: Hornillos - IPAF NOA,-23.6599998474121,-65.4300003051758,,,Argentina,INA,Rio Paraguay
1514,La Cigüeña - EEA Reconquista,LACIGÜEÑA ,station 1514: La Cigüeña - EEA Reconquista,-29.25,-61.0200004577637,,,Argentina,INA,Rio Parana
1527,Lincoln - EEA Villegas,LINCOLN- E,station 1527: Lincoln - EEA Villegas,-34.8400001525879,-61.5999984741211,,,Argentina,INA,Rio de la Plata
1531,Los Juríes - EEA E Santiago,LOSJURÍES ,station 1531: Los Juríes - EEA E Santiago,-28.6100006103516,-62.1599998474121,,,Argentina,INA,Rio Parana
1537,Malbran - EEA E Sgo del Estero,MALBRAN- E,station 1537: Malbran - EEA E Sgo del Estero,-29.3199996948242,-62.4599990844727,,,Argentina,INA,
1549,Monte Quemado - EEA E Santiago,MONTEQUEMA,station 1549: Monte Quemado - EEA E Santiago,-25.8600006103516,-62.7099990844727,,,Argentina,INA,Rio Parana
1550,Montecarlo - EEA Montecarlo,MONTECARLO,station 1550: Montecarlo - EEA Montecarlo,-26.5699996948242,-54.7299995422363,,,Argentina,INA,Rio Parana
1561,P. de la Plaza -EEA Sáenz Peña,P.DE LA PL,station 1561: P. de la Plaza -EEA Sáenz Peña,-26.9300003051758,-59.7999992370605,,,Argentina,INA,Rio Parana
1584,Quimilí - EEA E Santiago,QUIMILÍ- E,station 1584: Quimilí - EEA E Santiago,-27.5400009155273,-62.3499984741211,,,Argentina,INA,Rio Parana
1589,Rauch - EEA Cuenca Salado,RAUCH- EEA,station 1589: Rauch - EEA Cuenca Salado,-36.7999992370605,-59.1100006103516,,,Argentina,INA,Rio de la Plata
1600,San Fernando - EEA Delta,SANFERNAND,station 1600: San Fernando - EEA Delta,-34.25,-58.6100006103516,,,Argentina,INA,Rio Parana
1605,San Jorge - EEA Rafaela,SANJORGE -,station 1605: San Jorge - EEA Rafaela,-31.9500007629395,-61.8300018310547,,,Argentina,INA,Rio Parana
1607,San Pedro - EEA San Pedro,SANPEDRO -,station 1607: San Pedro - EEA San Pedro,-33.7400016784668,-59.7999992370605,,,Argentina,INA,Rio Parana
1623,Sombrerito - EEA Corrientes,SOMBRERITO,station 1623: Sombrerito - EEA Corrientes,-27.6499996185303,-58.7700004577637,,,Argentina,INA,Rio Parana
1629,Tilisarao - EEA San Luis,TILISARAO-,station 1629: Tilisarao - EEA San Luis,-32.6699981689453,-65.2300033569336,,,Argentina,INA,
1639,Villa Ana - EEA Reconquista,VILLAANA -,station 1639: Villa Ana - EEA Reconquista,-28.4400005340576,-59.7999992370605,,,Argentina,INA,Rio Parana
1678,Paso Duarte - RP 22,PasoDuarte-R,station 1678: Paso Duarte - RP 22 - property of snih:1,-31.1051388888889,-58.7711666666667,53.0,,Argentina,INA,Rio Parana
1679,Santo Tomé,STOME_SALADO,station 1679: Santo Tomé - property of FICH,-31.667601,-60.752233,,,Argentina,INA,Rio Parana
1698,Arroyo Carapachay,carapachay,station 1698: Arroyo Carapachay,-34.356202,-58.633833,,,Argentina,INA,Rio Parana
1701,Gualeguaychú FdX,GCHUFXD,station 1701: Gualeguaychú FdX - property of Municipalidad de Gualeguaychú,-33.0666666666667,-58.4166666666667,,,Argentina,INA,Rio Uruguay
1702,Braga,Braga,station 1702: Braga,-34.3363990783691,-58.4844017028809,,,Argentina,INA,Rio de la Plata
1703,San Clemente,SanClemente,station 1703: San Clemente,-36.3544006347656,-56.7153015136719,,,Argentina,INA,
1704,Punta Indio,PuntaIndio,station 1704: Punta Indio,-35.0780982971191,-55.9880981445312,,,Argentina,INA,Rio de la Plata
1705,Brasileira,Brasileira,station 1705: Brasileira,-35.1744003295898,-56.6105995178223,,,Argentina,INA,Rio de la Plata
1706,Oyarvide,Oyarvide,station 1706: Oyarvide,-35.0999984741211,-57.13330078125,,,Argentina,INA,Rio de la Plata
1707,Magadalena,Magadalena,station 1707: Magadalena,-34.9300003051758,-57.4617004394531,,,Argentina,INA,Rio de la Plata
1708,La Plata,LaPlata,station 1708: La Plata,-34.8339004516602,-57.8800010681152,,,Argentina,INA,Rio de la Plata
1709,Buenos Aires,BuenosAires,station 1709: Buenos Aires,-34.6305999755859,-58.3516998291016,,,Argentina,INA,Rio de la Plata
1710,Desembocadura,Desembocadur,station 1710: Desembocadura,-33.997200012207,-58.4702987670898,,,Argentina,INA,Rio Parana
1711,Las Rosas,LasRosas,station 1711: Las Rosas,-34.1836013793945,-58.8894004821777,,,Argentina,INA,Rio Parana
1712,Carabelitas,Carabelitas,station 1712: Carabelitas,-33.9491996765137,-58.7689018249512,,,Argentina,INA,Rio Parana
1713,Zárate,Zárate,station 1713: Zárate,-34.0918998718262,-59.0139007568359,,,Argentina,INA,Rio Parana
1714,Baradero,Baradero,station 1714: Baradero,-33.9366989135742,-59.2578010559082,,,Argentina,INA,Rio Parana
1715,Brazo Largo,BrazoLargo,station 1715: Brazo Largo,-33.8880996704102,-58.9166984558105,,,Argentina,INA,Rio Parana
1716,Ibicuy,Ibicuy,station 1716: Ibicuy,-33.755298614502,-59.1786003112793,,,Argentina,INA,Rio Parana
1717,Bifurcación,Bifurcación,station 1717: Bifurcación,-33.7224998474121,-59.2907981872559,,,Argentina,INA,Rio Parana
1718,San Pedro,SanPedro,station 1718: San Pedro,-33.6852989196777,-59.6411018371582,,,Argentina,INA,Rio Parana
1719,Ramallo,Ramallo,station 1719: Ramallo,-33.4766998291016,-59.997501373291,,,Argentina,INA,Rio Parana
1720,San Nicolas,SanNicolas,station 1720: San Nicolas,-33.323600769043,-60.2181015014648,,,Argentina,INA,Rio Parana
1721,Villa Constitución,VillaConstit,station 1721: Villa Constitución,-33.2263984680176,-60.3213996887207,,,Argentina,INA,Rio Parana
1722,Rosario,Rosario,station 1722: Rosario,-32.9730987548828,-60.6183013916016,,,Argentina,INA,Rio Parana
1723,San Martín,SanMartín,station 1723: San Martín,-32.7071990966797,-60.7249984741211,,,Argentina,INA,Rio Parana
1724,Paraná,Paraná,station 1724: Paraná,-31.7208003997803,-60.5155982971191,,,Argentina,INA,Rio Parana
1725,Diamante,Diamante,station 1725: Diamante,-32.0560989379883,-60.6439018249512,,,Argentina,INA,Rio Parana
1726,Santa Fé,SantaFé,station 1726: Santa Fé,-31.6513004302979,-60.703498840332,,,Argentina,INA,Rio Parana
1727,Hernandarias,Hernandarias,station 1727: Hernandarias,-31.2299995422363,-59.9926986694336,,,Argentina,INA,Rio Parana
1728,Santa Elena,SantaElena,station 1728: Santa Elena,-30.9685001373291,-59.8147010803223,,,Argentina,INA,Rio Parana
1729,La Paz,LaPaz,station 1729: La Paz,-30.7325992584229,-59.6391983032227,,,Argentina,INA,Rio Parana
1730,Esquina,Esquina,station 1730: Esquina,-30.0167007446289,-59.5368995666504,,,Argentina,INA,Rio Parana
1731,Reconquista,Reconquista,station 1731: Reconquista,-29.2353000640869,-59.5794982910156,,,Argentina,INA,Rio Parana
1732,Goya,Goya,station 1732: Goya,-29.1431999206543,-59.2727012634277,,,Argentina,INA,Rio Parana
1733,Bella Vista,BellaVista,station 1733: Bella Vista,-28.503999710083,-59.048900604248,,,Argentina,INA,Rio Parana
1734,Empedrado,Empedrado,station 1734: Empedrado,-27.9589004516602,-58.8203010559082,,,Argentina,INA,Rio Parana
1735,Barranqueras,Barranqueras,station 1735: Barranqueras,-27.4885005950928,-58.923900604248,,,Argentina,INA,Rio Parana
1736,Corrientes,Corrientes,station 1736: Corrientes,-27.4598999023438,-58.8333015441895,,,Argentina,INA,Rio Parana
1737,Paso de la Patria,PasodelaPatr,station 1737: Paso de la Patria,-27.3222999572754,-58.5824012756348,,,Argentina,INA,Rio Parana
1739,Atalaya,Atalaya,station 1739: Atalaya - property of Servicio de Hidrografía Naval,-35.015278,-57.536111,,,Argentina,INA,Rio de la Plata
1740,Pilote Norden,PiloteNorden,station 1740: Pilote Norden - property of CARP,-34.62625,-57.927417,,,Argentina,INA,Rio de la Plata
1743,Arroyo Las Piedras - Rep. del Líbano,LASPIEDRAS,station 1743: Arroyo Las Piedras - Rep. del Líbano - property of INA,-34.7383417,-58.3096056,,,Argentina,INA,Rio de la Plata
1744,Arroyo San Francisco,SANFRAN,station 1744: Arroyo San Francisco - property of INA,-34.7277556,-58.3200389,,,Argentina,INA,Rio de la Plata
1746,Arroyo Águila Negra,AGUILANEGRA,station 1746: Arroyo Águila Negra - property of Arauco,-33.964052,-58.95525,,,Argentina,INA,Rio Parana
1747,Pasaje Talavera c/ Canal Irigoyen,TALAVERA,station 1747: Pasaje Talavera c/ Canal Irigoyen - property of Arauco,-33.923719,-58.965237,,,Argentina,INA,Rio Parana
1758,San Javier (Santa Fe),SANJAVIERSFE,station 1758: San Javier (Santa Fe) - property of RHN-SSRH,-30.5803888888889,-59.9234444444444,,,Argentina,INA,Rio Parana
1813,Bomberos S. A. de Giles,BomberosS.A.,station 1813: Bomberos S. A. de Giles,-34.446782,-59.448323,,,Argentina,INA,Rio Parana
1814,Pilar,Pilar,station 1814: Pilar,-34.459039,-58.911101,,,Argentina,INA,Rio Parana
1815,Robles,Robles,station 1815: Robles,-34.376133,-59.123335,,,Argentina,INA,Rio Parana
1877,Paraná Miní,ParanáMiní,station 1877: Paraná Miní,-34.185121,-58.501874,,,Argentina,INA,Rio Parana
2046,El Colorado,ElColorado,station 2046: El Colorado - property of SSRH,-26.3342777777778,-59.3624166666667,79.0,,Argentina,INA,Rio Paraguay
2111,Río Salado – RP51 (Achupallas),RíoSalado–RP,station 2111: Río Salado – RP51 (Achupallas) - property of RHN,-35.0880555555556,-60.1088888888889,,,Argentina,INA,Rio de la Plata
2112,Río Gualeguaychú en RN Nº 14,RíoGualeguay,station 2112: Río Gualeguaychú en RN Nº 14 - property of RHN,-32.7680555555556,-58.4983333333333,,,Argentina,INA,Rio Uruguay
2113,Aº Colastiné en Autopista - AU,AºColastinée,station 2113: Aº Colastiné en Autopista - AU - property of RHN,-32.0177777777778,-60.9902777777778,,,Argentina,INA,Rio Parana
2114,Aº Del Medio en La Emilia,AºDelMedioen,station 2114: Aº Del Medio en La Emilia - property of RHN,-33.3988888888889,-60.3347222222222,,,Argentina,INA,Rio Parana
2115,Río Paraná en Corrientes,RíoParanáenC,station 2115: Río Paraná en Corrientes - property of RHN,-27.4597222222222,-58.8333333333333,,,Argentina,INA,Rio Parana
2116,Río Paraguay en Pto. Formosa,RíoParaguaye,station 2116: Río Paraguay en Pto. Formosa - property of RHN,-26.1830555555556,-58.1619444444444,,,Argentina,INA,Rio Paraguay
2117,Río Salto - Salto,RíoSalto-Sal,station 2117: Río Salto - Salto - property of RHN,-34.2861111111111,-60.2591666666667,,,Argentina,INA,Rio Parana
2118,Río Primero (Suquía) Camino Se,RíoPrimero(S,station 2118: Río Primero (Suquía) Camino Se - property of RHN,-30.9641666666667,-62.9961111111111,,,Argentina,INA,
2119,Río Segundo (Plujunta) en RP N,RíoSegundo(P,station 2119: Río Segundo (Plujunta) en RP N - property of RHN,-31.0105555555556,-62.7883333333333,,,Argentina,INA,
2120,Laguna Mar Chiquita (Ansenuza),LagunaMarChi,station 2120: Laguna Mar Chiquita (Ansenuza) - property of RHN,-30.9119444444444,-62.6777777777778,,,Argentina,INA,
2121,Aº Monje en Autopista A01,AºMonjeenAut,station 2121: Aº Monje en Autopista A01 - property of RHN,-32.3922222222222,-60.9408333333333,,,Argentina,INA,Rio Parana
2129,Río Arrecifes - Arrecifes 	,RíoArrecifes,station 2129: Río Arrecifes - Arrecifes 	 - property of RHN,-34.0866666666667,-60.0072222222222,,,Argentina,INA,Rio Parana
2131,Río Paraná - Itatí,RíoParaná- I,station 2131: Río Paraná - Itatí - property of RHN,-27.2663888888889,-58.2444444444444,,,Argentina,INA,Rio Parana
2132,Río Paraná - Goya,RíoParaná- G,station 2132: Río Paraná - Goya - property of RHN,-29.165,-59.3283333333333,,,Argentina,INA,Rio Parana
2133,Río Paraguay - Pto. Pilcomayo,RíoParaguay-,station 2133: Río Paraguay - Pto. Pilcomayo - property of RHN,-25.3719444444444,-57.6502777777778,,,Argentina,INA,Rio Paraguay
2134,Río Juramento - El Tunal,RíoJuramento,station 2134: Río Juramento - El Tunal - property of RHN,-25.2497222222222,-64.3902777777778,,,Argentina,INA,Rio Parana
2139,Río Coronda en Coronda,RíoCorondaen,station 2139: Río Coronda en Coronda - property of RHN,-31.9741666666667,-60.9138888888889,,,Argentina,INA,Rio Parana
2140,Rio Quinto - Justo Daract,RioQuinto-Ju,station 2140: Rio Quinto - Justo Daract - property of RHN,-33.92,-65.1522222222222,,,Argentina,INA,
2149,Iguazú - PERFIL TIPO,Iguazú-PERFI,station 2149: Iguazú - PERFIL TIPO - property of RHN,-25.6766666666667,-54.4213888888889,,,Argentina,INA,Rio Parana
2150,Miriñay - PASO LEDESMA,Miriñay-PASO,station 2150: Miriñay - PASO LEDESMA - property of RHN,-29.8458333333333,-57.675,,,Argentina,INA,Rio Uruguay
2154,Río Bermejo en Pozo Sarmiento,RíoBermejoen,station 2154: Río Bermejo en Pozo Sarmiento - property of RHN,-23.1405555555556,-64.1969444444445,,,Argentina,INA,Rio Paraguay
2156,Laguna Ibera en Carlos Pellegr,LagunaIberae,station 2156: Laguna Ibera en Carlos Pellegr - property of RHN,-28.5383333333333,-57.1869444444444,,,Argentina,INA,Rio Parana
2158,Aº Feliciano-Paso Medina,AºFeliciano-,station 2158: Aº Feliciano-Paso Medina - property of RHN,-30.9236111111111,-59.5511111111111,,,Argentina,INA,Rio Parana
2166,Los Sosa en RP30 km19,LosSosaenRP3,station 2166: Los Sosa en RP30 km19 - property of RHN,-27.1008333333333,-65.6361111111111,,,Argentina,INA,
2167,Río Lules en Potrero de las Ta,RíoLulesenPo,station 2167: Río Lules en Potrero de las Ta - property of RHN,-26.8519444444444,-65.4316666666667,,,Argentina,INA,
2175,Canal MACAPILLO 	,CanalMACAPIL,station 2175: Canal MACAPILLO 	 - property of RHN,-25.4136111111111,-63.9761111111111,,,Argentina,INA,Rio Parana
2176,Canal de Dios	,CanaldeDios	,station 2176: Canal de Dios	 - property of RHN,-25.6108333333333,-63.9480555555556,,,Argentina,INA,Rio Parana
2177,Canal Liag - Quebrachal,CanalLiag-Qu,station 2177: Canal Liag - Quebrachal - property of RHN,-25.3452777777778,-64.045,,,Argentina,INA,Rio Parana
2178,Río Iguazú en Puerto Andresito,RíoIguazúenP,station 2178: Río Iguazú en Puerto Andresito - property of RHN,-25.5905555555556,-53.995,,,Argentina,INA,Rio Parana
2185,Río Dulce Paso de la Cina,RíoDulcePaso,station 2185: Río Dulce Paso de la Cina - property of RHN,-29.795,-62.8061111111111,,,Argentina,INA,
2186,Río Bermejo - Balapuca,RíoBermejo-B,station 2186: Río Bermejo - Balapuca - property of RHN,-22.4919444444444,-64.4694444444444,,,Argentina,INA,Rio Paraguay
2187,Rio Grande Tarija-El Cajón,RioGrandeTar,station 2187: Rio Grande Tarija-El Cajón - property of RHN,-22.3266666666667,-64.1263888888889,,,Argentina,INA,Rio Paraguay
2188,Rio Bermejo-El Colorado,RioBermejo-E,station 2188: Rio Bermejo-El Colorado - property of RHN,-26.3341666666667,-59.3625,,,Argentina,INA,Rio Paraguay
2189,Rio Bermejo-Embarcacion,RioBermejo-E,station 2189: Rio Bermejo-Embarcacion - property of RHN,-23.2480555555556,-64.1380555555556,,,Argentina,INA,Rio Paraguay
2190,Rio Bermejo-Finca Jujeños,RioBermejo-F,station 2190: Rio Bermejo-Finca Jujeños - property of RHN,-23.1352777777778,-64.2047222222222,,,Argentina,INA,Rio Paraguay
2191,Rio Bermejo-Puente Internacion,RioBermejo-P,station 2191: Rio Bermejo-Puente Internacion - property of RHN,-22.7263888888889,-64.3694444444444,,,Argentina,INA,Rio Paraguay
2192,Rio San Francisco-Puente RP 1,RioSanFranci,station 2192: Rio San Francisco-Puente RP 1 - property of RHN,-23.7108333333333,-64.5369444444444,,,Argentina,INA,Rio Paraguay
2193,Rio Bermejo-Puerto Lavalle,RioBermejo-P,station 2193: Rio Bermejo-Puerto Lavalle - property of RHN,-25.6511111111111,-60.1280555555556,,,Argentina,INA,Rio Paraguay
2194,Rio Bermejo-Puerto Velaz,RioBermejo-P,station 2194: Rio Bermejo-Puerto Velaz - property of RHN,-26.6605555555556,-58.6338888888889,,,Argentina,INA,Rio Paraguay
2195,Rio Bermejo-Sauzalito,RioBermejo-S,station 2195: Rio Bermejo-Sauzalito - property of RHN,-24.4333333333333,-61.6563888888889,,,Argentina,INA,Rio Paraguay
2197,Río Salado - Pinto,RíoSalado-Pi,station 2197: Río Salado - Pinto - property of RHN,-29.1058333333333,-62.5761111111111,,,Argentina,INA,Rio Parana
2198,Aº Batel en Paso Cerrito,AºBatelenPas,station 2198: Aº Batel en Paso Cerrito - property of RHN,-29.0311111111111,-58.7883333333333,,,Argentina,INA,Rio Parana
2199,Río Corrientes  en Los Laurele,RíoCorriente,station 2199: Río Corrientes  en Los Laurele - property of RHN,-29.7572222222222,-59.2172222222222,,,Argentina,INA,Rio Parana
2201,A° El Soberbio-Pje La Lechuza,A°ElSoberbio,station 2201: A° El Soberbio-Pje La Lechuza - property of RHN,-27.2572222222222,-54.2355555555556,,,Argentina,INA,Rio Uruguay
2202,Río Cuarto en RN8,RíoCuartoenR,station 2202: Río Cuarto en RN8 - property of RHN,-33.1386111111111,-64.2847222222222,,,Argentina,INA,Rio Parana
2203,Río Gualeguay Rosario del Tala,RíoGualeguay,station 2203: Río Gualeguay Rosario del Tala - property of RHN,-32.3086111111111,-59.0769444444445,,,Argentina,INA,Rio Parana
2204,Río Carcarañá en pueblo Andino,RíoCarcarañá,station 2204: Río Carcarañá en pueblo Andino - property of RHN,-32.6733333333333,-60.8658333333333,,,Argentina,INA,Rio Parana
2205,Río Gualeguay en Villaguay,RíoGualeguay,station 2205: Río Gualeguay en Villaguay - property of RHN,-31.8016666666667,-59.1261111111111,,,Argentina,INA,Rio Parana
2206,Río Areco - Puente Quemado,RíoAreco-Pue,station 2206: Río Areco - Puente Quemado - property of RHN,-34.2880555555556,-59.7027777777778,,,Argentina,INA,Rio Parana
2207,Seminario Diocesano de Azul,SeminarioDio,station 2207: Seminario Diocesano de Azul - property of RHN,-36.8311111111111,-59.8938888888889,,,Argentina,INA,Rio de la Plata
2211,Ruta Provincial N°50,RutaProvinci,station 2211: Ruta Provincial N°50 - property of RHN,-34.3225,-61.3513888888889,,,Argentina,INA,Rio de la Plata
2212,Compuerta Alternativa Norte AD,CompuertaAlt,station 2212: Compuerta Alternativa Norte AD - property of RHN,-34.2419444444444,-62.1211111111111,,,Argentina,INA,
2213,Canal Regulador N°4 - La Panta,CanalRegulad,station 2213: Canal Regulador N°4 - La Panta - property of RHN,-34.2580555555556,-61.6386111111111,,,Argentina,INA,Rio de la Plata
2215,Río Areco - San Antonio de Are,RíoAreco-San,station 2215: Río Areco - San Antonio de Are - property of RHN,-34.2405555555556,-59.4994444444444,,,Argentina,INA,Rio Parana
2217,Laguna La Picasa - RN33,LagunaLaPica,station 2217: Laguna La Picasa - RN33 - property of RHN,-34.3269444444445,-62.8113888888889,,,Argentina,INA,
2218,Cruz Alta,CruzAlta,station 2218: Cruz Alta - property of RHN,-33.0063888888889,-61.7875,,,Argentina,INA,Rio Parana
2219,Intersección Canales A22,Intersección,station 2219: Intersección Canales A22 - property of RHN,-34.4494444444444,-62.4133333333333,,,Argentina,INA,
2222,Canal de Dios - Salado,CanaldeDios-,station 2222: Canal de Dios - Salado - property of RHN,-25.6105555555556,-63.9488888888889,,,Argentina,INA,Rio Parana
2223,Suncho Corral,SunchoCorral,station 2223: Suncho Corral - property of RHN,-27.9402777777778,-63.4397222222222,,,Argentina,INA,Rio Parana
2224,Añatuya-RP 92,Añatuya-RP92,station 2224: Añatuya-RP 92 - property of RHN,-28.5033333333333,-62.8813888888889,,,Argentina,INA,Rio Parana
2227,Rio Salado-RN2,RioSalado-RN,station 2227: Rio Salado-RN2 - property of RHN,-35.9622222222222,-57.8519444444444,,,Argentina,INA,Rio de la Plata
2356,Río Paraná Túnel,RíoParanáTún,station 2356: Río Paraná Túnel - property of RHN,-31.7197222222222,-60.5175,,,Argentina,INA,Rio Parana
2357,Sistema Setúbal - Santa Fe - L,SistemaSetúb,station 2357: Sistema Setúbal - Santa Fe - L - property of RHN,-31.6302777777778,-60.6777777777778,,,Argentina,INA,Rio Parana
2593,Río Arenales - La Maroma,RíoArenales-,station 2593: Río Arenales - La Maroma - property of RHN,-25.1538888888889,-65.42,,,Argentina,INA,Rio Parana
2605,Río Cuarto - La Carlota RN8,RíoCuarto-La,station 2605: Río Cuarto - La Carlota RN8 - property of RHN,-33.4127777777778,-63.2561111111111,,,Argentina,INA,Rio Parana
2671,Canal Finca Agropecuaria,CanalFincaAg,station 2671: Canal Finca Agropecuaria - property of RHN,-25.1608333333333,-64.1061111111111,,,Argentina,INA,Rio Parana
2672,Rio Juramento - Finca Agropecu,RioJuramento,station 2672: Rio Juramento - Finca Agropecu - property of RHN,-25.1613888888889,-64.1061111111111,,,Argentina,INA,Rio Parana
2673,Rio Colastine RN N° 168,RioColastine,station 2673: Rio Colastine RN N° 168 - property of RHN,-31.6611111111111,-60.6019444444444,,,Argentina,INA,Rio Parana
2706,ZEstacion de prueba 9003,ZEstaciondep,station 2706: ZEstacion de prueba 9003 - property of RHN,-34.6130555555556,-58.3772222222222,,,Argentina,INA,Rio Parana
2731,Río Aguapey - La Sirena,RíoAguapey-L,station 2731: Río Aguapey - La Sirena - property of RHN,-28.4166666666667,-56.5422222222222,,,Argentina,INA,Rio Uruguay
2741,Río Iruya - Tuc Tuca,RíoIruya-Tuc,station 2741: Río Iruya - Tuc Tuca - property of RHN,-22.4044444444444,-65.2675,,,Argentina,INA,Rio Paraguay
2807,Salado - El Arenal,Salado-ElAre,station 2807: Salado - El Arenal - property of RHN,-26.3741666666667,-63.7244444444444,,,Argentina,INA,Rio Parana
2809,Río Quinto - RP26,RíoQuinto-RP,station 2809: Río Quinto - RP26 - property of RHN,-34.7627777777778,-63.645,,,Argentina,INA,
2810,Río Juramento El Quebrachal,RíoJuramento,station 2810: Río Juramento El Quebrachal - property of RHN,-25.3441666666667,-64.0461111111111,,,Argentina,INA,Rio Parana
2813,Río Miriñay - Paso Mesa,RíoMiriñay-P,station 2813: Río Miriñay - Paso Mesa - property of RHN,-28.9166666666667,-57.2363888888889,,,Argentina,INA,Rio Uruguay
2814,Río Metan - Desembocadura,RíoMetan-Des,station 2814: Río Metan - Desembocadura - property of RHN,-25.3933333333333,-64.5922222222222,,,Argentina,INA,Rio Parana
2819,PN Copo  - El Aibal ,PNCopo-ElAib,station 2819: PN Copo  - El Aibal  - property of RHN,-25.9227777777778,-61.7138888888889,,,Argentina,INA,Rio Parana
2820,Centro Operativo Santa Rosa PN,CentroOperat,station 2820: Centro Operativo Santa Rosa PN - property of RHN,-27.2852777777778,-65.8719444444444,,,Argentina,INA,
2821,Río Salado RP Nº 51 - Achupall,RíoSaladoRPN,station 2821: Río Salado RP Nº 51 - Achupall - property of RHN,-35.0880555555556,-60.1088888888889,,,Argentina,INA,Rio de la Plata
2822,Río Pilcomayo - El Raúl,RíoPilcomayo,station 2822: Río Pilcomayo - El Raúl - property of RHN,-22.65,-62.2163888888889,,,Argentina,INA,Rio Paraguay
2823,Río Juramento - Cabra Corral,RíoJuramento,station 2823: Río Juramento - Cabra Corral - property of RHN,-25.2677777777778,-65.2372222222222,,,Argentina,INA,Rio Parana
2825,Río Santa Lucia - Santa Lucia,RíoSantaLuci,station 2825: Río Santa Lucia - Santa Lucia - property of RHN,-28.9877777777778,-59.0905555555556,,,Argentina,INA,Rio Parana
2826,Río Pilcomayo - Puesto Jerez,RíoPilcomayo,station 2826: Río Pilcomayo - Puesto Jerez - property of RHN,-22.7280555555556,-62.2133333333333,,,Argentina,INA,Rio Paraguay
2828,Río Salado RN Nº 11,RíoSaladoRNN,station 2828: Río Salado RN Nº 11 - property of RHN,-27.5413888888889,-59.1308333333333,,,Argentina,INA,Rio Parana
2829,Río San Javier - San Javier,RíoSanJavier,station 2829: Río San Javier - San Javier - property of RHN,-30.5802777777778,-59.9233333333333,,,Argentina,INA,Rio Parana
2830,Río Paraná Guazú - Brazo Largo,BLARGOAUT,station 2830: Río Paraná Guazú - Brazo Largo - property of RHN,-33.8830555555556,-58.9,,,Argentina,INA,Rio Parana
2832,Río Corriente - Paso Lucero,RíoCorriente,station 2832: Río Corriente - Paso Lucero - property of RHN,-28.995,-58.5583333333333,,,Argentina,INA,Rio Parana
2833,Aº Leyes - RP 1,AºLeyes-RP1,station 2833: Aº Leyes - RP 1 - property of RHN,-31.4947222222222,-60.425,,,Argentina,INA,Rio Parana
2835,Río Tercero - Villa María,RíoTercero-V,station 2835: Río Tercero - Villa María - property of RHN,-32.4219444444444,-63.2447222222222,,,Argentina,INA,Rio Parana
2836,Aº Barrancas en Paso La Llana,AºBarrancase,station 2836: Aº Barrancas en Paso La Llana - property of RHN,-30.2172222222222,-59.3244444444444,,,Argentina,INA,Rio Parana
2837,Río Nogoya - RP039ER,RíoNogoya-RP,station 2837: Río Nogoya - RP039ER - property of RHN,-32.3947222222222,-59.7638888888889,,,Argentina,INA,Rio Parana
2838,Aº Saladillo - RN Nº205,AºSaladillo-,station 2838: Aº Saladillo - RN Nº205 - property of RHN,-35.4594444444445,-59.5747222222222,,,Argentina,INA,Rio de la Plata
2840,Río Cuarto - La Carlota,RíoCuarto-La,station 2840: Río Cuarto - La Carlota - property of RHN,-33.4155555555556,-63.3091666666667,,,Argentina,INA,Rio Parana
2841,Río Negro - Laguna Blanca,RíoNegro-Lag,station 2841: Río Negro - Laguna Blanca - property of RHN,-27.2633333333333,-59.1961111111111,,,Argentina,INA,Rio Parana
2846,Río Pilcomayo - Misión La Paz,RíoPilcomayo,station 2846: Río Pilcomayo - Misión La Paz - property of RHN,-22.3775,-62.5236111111111,,,Argentina,INA,Rio Paraguay
2853,Río Gualeguay - Paso Alonso,RíoGualeguay,station 2853: Río Gualeguay - Paso Alonso - property of RHN,-33.1005555555556,-59.2702777777778,,,Argentina,INA,Rio Parana
2854,Riachuelo - RP 5,Riachuelo-RP,station 2854: Riachuelo - RP 5 - property of RHN,-27.5105555555556,-58.5697222222222,,,Argentina,INA,Rio Parana
2855,Río Salado - RP 41,RíoSalado-RP,station 2855: Río Salado - RP 41 - property of RHN,-35.7263888888889,-58.5363888888889,,,Argentina,INA,Rio de la Plata
2856,Río San Fransisco Caimancito,RíoSanFransi,station 2856: Río San Fransisco Caimancito - property of RHN,-23.7119444444444,-64.5397222222222,,,Argentina,INA,Rio Paraguay
2857,Río Paraná - Chapetón,RíoParaná-Ch,station 2857: Río Paraná - Chapetón - property of RHN,-31.6105555555556,-60.2947222222222,,,Argentina,INA,Rio Parana
5430,Federación Embalse,FederaciónEm,station 5430: Federación Embalse - property of PNA,-30.994853,-57.899273,,,Argentina,INA,Rio Uruguay
5873,Arroyo Las Piedras - Gob. Monteverde,LASPIEDRAS2,station 5873: Arroyo Las Piedras - Gob. Monteverde - property of INA,-34.783421,-58.298648,,,Argentina,INA,Rio de la Plata
5874,Arroyo San Francisco - Dr. Torre,ArroyoSanFra,station 5874: Arroyo San Francisco - Dr. Torre,-34.7650541,-58.3234008,,,Argentina,INA,Rio de la Plata
5876,Carabelas,Carabelas,station 5876: Carabelas,-34.05977,-58.835841,,,Argentina,INA,Rio Parana
5884,La Picada - RN 12,LaPicada-RN1,station 5884: La Picada - RN 12 - property of SSRH,-31.7288333333333,-60.3076111111111,100.0,,Argentina,INA,Rio Parana
5888,Sauzalito,Sauzalito,station 5888: Sauzalito - property of snih:21,-24.4332722222222,-61.6563305555556,172.0,,Argentina,INA,Rio Paraguay
5893,Paraná - Rosario,ROSA,station 5893: Paraná - Rosario - property of RHN,-32.9513888888889,-60.6255555555556,,,Argentina,INA,Rio Parana
5894,Riacho Victoria - Victoria,VICT,station 5894: Riacho Victoria - Victoria - property of RHN,-32.6316666666667,-60.1652777777778,,,Argentina,INA,Rio Parana
5900,Paraná - Diamante,DIAM,station 5900: Paraná - Diamante - property of RHN,-32.057777777778,-60.645,,,Argentina,INA,Rio Parana
5901,Paraná - Túnel subfluvial,PARA,station 5901: Paraná - Túnel subfluvial - property of RHN,-31.72,-60.5175,,,Argentina,INA,Rio Parana
5904,PN Ciervo de los Pantanos,PNCPAN,station 5904: PN Ciervo de los Pantanos - property of RHN,-34.2255555555556,-58.8988888888889,,,Argentina,INA,Rio Parana
5905,Paraná - Villa Constitución,VCON,station 5905: Paraná - Villa Constitución - property of RHN,-33.2272222222222,-60.32,,,Argentina,INA,Rio Parana
5907,Paraná Las Palmas - Zárate,ZARA,station 5907: Paraná Las Palmas - Zárate - property of RHN,-34.1019444444444,-59.0088888888889,,,Argentina,INA,Rio Parana
5910,SANTA FE - LA GUARDIA,SANTAFE-LAGU,station 5910: SANTA FE - LA GUARDIA - property of snih:1,-31.6301388888889,-60.6779722222222,17.0,,Argentina,INA,Rio Parana
5954,Las Heras,lheras,station 5954: Las Heras - property of ACUMAR,-34.92753059,-58.9472905,,,Argentina,INA,Rio de la Plata